timestamp,stars,comment,user_message,bot_response
2026-04-29T01:54:24,4,,,"Hey! I'm your laptop advisor and tech assistant, powered by local AI.

I have **1020 laptops** in my database plus web search, Wikipedia, and URL reading.

**1** → Guide me through 5 questions
**2** → Just tell me what you need

Or ask me anything right now!"
2026-04-29T01:54:26,5,,,"Hey! I'm your laptop advisor and tech assistant, powered by local AI.

I have **1020 laptops** in my database plus web search, Wikipedia, and URL reading.

**1** → Guide me through 5 questions
**2** → Just tell me what you need

Or ask me anything right now!"
2026-04-29T01:54:27,4,,,"Hey! I'm your laptop advisor and tech assistant, powered by local AI.

I have **1020 laptops** in my database plus web search, Wikipedia, and URL reading.

**1** → Guide me through 5 questions
**2** → Just tell me what you need

Or ask me anything right now!"
2026-04-29T01:54:28,3,,,"Hey! I'm your laptop advisor and tech assistant, powered by local AI.

I have **1020 laptops** in my database plus web search, Wikipedia, and URL reading.

**1** → Guide me through 5 questions
**2** → Just tell me what you need

Or ask me anything right now!"
2026-04-29T01:54:28,2,,,"Hey! I'm your laptop advisor and tech assistant, powered by local AI.

I have **1020 laptops** in my database plus web search, Wikipedia, and URL reading.

**1** → Guide me through 5 questions
**2** → Just tell me what you need

Or ask me anything right now!"
2026-04-29T01:54:29,5,,,"Hey! I'm your laptop advisor and tech assistant, powered by local AI.

I have **1020 laptops** in my database plus web search, Wikipedia, and URL reading.

**1** → Guide me through 5 questions
**2** → Just tell me what you need

Or ask me anything right now!"
2026-04-29T01:54:29,5,,,"Hey! I'm your laptop advisor and tech assistant, powered by local AI.

I have **1020 laptops** in my database plus web search, Wikipedia, and URL reading.

**1** → Guide me through 5 questions
**2** → Just tell me what you need

Or ask me anything right now!"
2026-04-29T01:54:30,5,,,"Hey! I'm your laptop advisor and tech assistant, powered by local AI.

I have **1020 laptops** in my database plus web search, Wikipedia, and URL reading.

**1** → Guide me through 5 questions
**2** → Just tell me what you need

Or ask me anything right now!"
2026-04-29T01:54:30,5,,,"Hey! I'm your laptop advisor and tech assistant, powered by local AI.

I have **1020 laptops** in my database plus web search, Wikipedia, and URL reading.

**1** → Guide me through 5 questions
**2** → Just tell me what you need

Or ask me anything right now!"
2026-04-29T01:54:31,4,,,"Hey! I'm your laptop advisor and tech assistant, powered by local AI.

I have **1020 laptops** in my database plus web search, Wikipedia, and URL reading.

**1** → Guide me through 5 questions
**2** → Just tell me what you need

Or ask me anything right now!"
2026-04-29T01:54:31,5,,,"Hey! I'm your laptop advisor and tech assistant, powered by local AI.

I have **1020 laptops** in my database plus web search, Wikipedia, and URL reading.

**1** → Guide me through 5 questions
**2** → Just tell me what you need

Or ask me anything right now!"
2026-04-29T01:54:32,5,,,"Hey! I'm your laptop advisor and tech assistant, powered by local AI.

I have **1020 laptops** in my database plus web search, Wikipedia, and URL reading.

**1** → Guide me through 5 questions
**2** → Just tell me what you need

Or ask me anything right now!"
2026-04-29T01:54:32,5,,,"Hey! I'm your laptop advisor and tech assistant, powered by local AI.

I have **1020 laptops** in my database plus web search, Wikipedia, and URL reading.

**1** → Guide me through 5 questions
**2** → Just tell me what you need

Or ask me anything right now!"
2026-04-29T01:54:32,5,,,"Hey! I'm your laptop advisor and tech assistant, powered by local AI.

I have **1020 laptops** in my database plus web search, Wikipedia, and URL reading.

**1** → Guide me through 5 questions
**2** → Just tell me what you need

Or ask me anything right now!"
2026-04-29T01:54:32,5,,,"Hey! I'm your laptop advisor and tech assistant, powered by local AI.

I have **1020 laptops** in my database plus web search, Wikipedia, and URL reading.

**1** → Guide me through 5 questions
**2** → Just tell me what you need

Or ask me anything right now!"
2026-04-29T01:54:33,4,,,"Hey! I'm your laptop advisor and tech assistant, powered by local AI.

I have **1020 laptops** in my database plus web search, Wikipedia, and URL reading.

**1** → Guide me through 5 questions
**2** → Just tell me what you need

Or ask me anything right now!"
2026-04-29T01:54:33,5,,,"Hey! I'm your laptop advisor and tech assistant, powered by local AI.

I have **1020 laptops** in my database plus web search, Wikipedia, and URL reading.

**1** → Guide me through 5 questions
**2** → Just tell me what you need

Or ask me anything right now!"
2026-04-29T01:54:33,4,,,"Hey! I'm your laptop advisor and tech assistant, powered by local AI.

I have **1020 laptops** in my database plus web search, Wikipedia, and URL reading.

**1** → Guide me through 5 questions
**2** → Just tell me what you need

Or ask me anything right now!"
2026-04-29T01:54:34,5,,,"Hey! I'm your laptop advisor and tech assistant, powered by local AI.

I have **1020 laptops** in my database plus web search, Wikipedia, and URL reading.

**1** → Guide me through 5 questions
**2** → Just tell me what you need

Or ask me anything right now!"
2026-04-29T01:54:34,4,,,"Hey! I'm your laptop advisor and tech assistant, powered by local AI.

I have **1020 laptops** in my database plus web search, Wikipedia, and URL reading.

**1** → Guide me through 5 questions
**2** → Just tell me what you need

Or ask me anything right now!"
