model,link,specs
Vector GP66 12UGS-267,https://www.bing.com/ck/a?!&&p=46f541e36e51ef0714812e6f04b938df21938d82825de17788ce23125c229fc0JmltdHM9MTc3NTI2MDgwMA&ptn=3&ver=2&hsh=4&fclid=2bae4145-bdc7-6931-22cb-5674bceb6850&u=a1aHR0cHM6Ly9lbi53aWtpcGVkaWEub3JnL3dpa2kvVmVjdG9yXyUyOG1hdGhlbWF0aWNzX2FuZF9waHlzaWNzJTI5&ntb=1,"Rotation vector, a Euclidean vector whose direction is that of the axis of a rotation and magnitude is the angle of the rotation. | Vector potential, a vector field whose curl is a given vector field | Vector flow, a set of closely related concepts of the flow determined by a vector field | Vector Analysis, a textbook on vector calculus by Wilson, first published in 1901, which did much to standardize the notation and vocabulary of three-dimensional linear algebra and vector calculus | Vector bundle, a topological construction that makes precise the idea of a family of vector spaces parameterized by another space | Vector product, or cross product, an operation on two vectors in a three-dimensional Euclidean space, producing a third three-dimensional Euclidean vector perpendicular to the original two | Vector boson, a boson with the spin quantum number equal to 1 | ^ Weisstein, Eric W. ""Vector"". mathworld.wolfram.com. Retrieved 2020-08-19. | Itô, Kiyosi (1993). Encyclopedic Dictionary of Mathematics (2nd ed.). MIT Press. ISBN 978-0-262-59020-4."
MacBook Air,https://www.bing.com/ck/a?!&&p=ea157f63e24191b780a0036fbd033a3958226998dc45fe5617b18aa70f999c60JmltdHM9MTc3NTI2MDgwMA&ptn=3&ver=2&hsh=4&fclid=2bae4145-bdc7-6931-22cb-5674bceb6850&u=a1aHR0cHM6Ly9mb3J1bXMubWFjcnVtb3JzLmNvbS9mb3J1bXMvbWFjYm9vay1uZW8uMTI5Lw&ntb=1,"Pinhole dent on screen of Neo | Arctic Moose | MacBook Neo - Good luck with 8gb of ram | Astuces iOS Mar 11, 2026 26 27 28 | Grey horizontal line at top of desktop screen intermittently seen | WilliApple Mar 10, 2026 15 16 17 | NvidiaIntelPC | Framework does a Neo teardown/comparison to FW 12 | Some photos of my thermal mod of a 2015 retina MacBook | 1TB SSD Neo | True Tone Works (w/Apple Studio Display) | How is the weight distributed compared to the Air? | Why buy a 512GB Neo over the MacBook Air? | 4TB SSD Neo via 3D-Printed Replacement ""Speaker"" Module? | How's the Neo doing in clamshell mode with a 4k/60hz external monitor? | iMazing and 512GB | joshwithachance Mar 12, 2026 | You must log in or register to post here. | Joe Rossignol | Steve Moser"
A315-24P-R7VH,https://www.bing.com/ck/a?!&&p=b70f0e5c382e4ff6f2cd3e51966443061ef61405f7ff515746b6a184673376a0JmltdHM9MTc3NTI2MDgwMA&ptn=3&ver=2&hsh=4&fclid=2bae4145-bdc7-6931-22cb-5674bceb6850&u=a1aHR0cHM6Ly93d3cubG92ZXMuY29tLw&ntb=1,Love's Rewards - The best rewards program on the road | Love's Rewards is the best loyalty program for drivers on the road today. | Our fleet solution experts are located across the country to help you lower your Cost Per Mile. | Legal Disclosures
MacBook Pro,https://www.bing.com/ck/a?!&&p=ea157f63e24191b780a0036fbd033a3958226998dc45fe5617b18aa70f999c60JmltdHM9MTc3NTI2MDgwMA&ptn=3&ver=2&hsh=4&fclid=2bae4145-bdc7-6931-22cb-5674bceb6850&u=a1aHR0cHM6Ly9mb3J1bXMubWFjcnVtb3JzLmNvbS9mb3J1bXMvbWFjYm9vay1uZW8uMTI5Lw&ntb=1,"Pinhole dent on screen of Neo | Arctic Moose | MacBook Neo - Good luck with 8gb of ram | Astuces iOS Mar 11, 2026 26 27 28 | Grey horizontal line at top of desktop screen intermittently seen | WilliApple Mar 10, 2026 15 16 17 | NvidiaIntelPC | Framework does a Neo teardown/comparison to FW 12 | Some photos of my thermal mod of a 2015 retina MacBook | 1TB SSD Neo | True Tone Works (w/Apple Studio Display) | How is the weight distributed compared to the Air? | Why buy a 512GB Neo over the MacBook Air? | 4TB SSD Neo via 3D-Printed Replacement ""Speaker"" Module? | How's the Neo doing in clamshell mode with a 4k/60hz external monitor? | iMazing and 512GB | joshwithachance Mar 12, 2026 | You must log in or register to post here. | Joe Rossignol | Steve Moser"
CB315-3HT,https://www.bing.com/ck/a?!&&p=339a5aba4098749d7ccaa4e6591548b6abde344f466025c059fa93667a71d144JmltdHM9MTc3NTI2MDgwMA&ptn=3&ver=2&hsh=4&fclid=2bae4145-bdc7-6931-22cb-5674bceb6850&u=a1aHR0cHM6Ly9zdXBwb3J0Lm1pY3Jvc29mdC5jb20vZW4tdXMvY29udGFjdHVz&ntb=1,"Microsoft 365 Office Windows Surface Xbox Deals Buy Microsoft 365 | All Microsoft | Keep in touch and stay productive with Teams and Microsoft 365, even when you're working remotely. | We'll show you self-help options first. Additional help is available if you need it, including live chat with a Microsoft specialist. | Microsoft 365 | Open a service request in the Microsoft 365 admin center. This service is free. | AI in Windows | Explore Microsoft products | Windows 11 apps | Microsoft Store | Microsoft Store support | Microsoft Store Promise | Microsoft in education | Microsoft Teams for Education | Microsoft 365 Education | Microsoft AI | Microsoft Security | Microsoft Power Platform | Microsoft Teams | Microsoft 365 Copilot | Microsoft Developer | Microsoft Learn | Microsoft Tech Community | Microsoft Marketplace | About Microsoft | Privacy at Microsoft | Sitemap Contact Microsoft Privacy Terms of use Trademarks Safety & eco About our ads © Microsoft 2026"
ROG Strix G16,https://www.bing.com/ck/a?!&&p=e2983dcd4c97ea89707915b3537b1e91b528243934a92a1acde01a707be0b23eJmltdHM9MTc3NTI2MDgwMA&ptn=3&ver=2&hsh=4&fclid=2bae4145-bdc7-6931-22cb-5674bceb6850&u=a1aHR0cHM6Ly9yb2cuYXN1cy5jb20v&ntb=1,"Log in to the ROG Elite Rewards program now! | Graphics Cards | Adjust RGB lighting, tweak sensitivity, remap buttons, and more — all without ever installing a single piece of software. | Death Stranding 2 is a meditative masterpiece for those who dare to deliver | ROG powers the pros as the official PC sponsor of the LCK Finals Hong Kong | Technology never sleeps, nor should the action. For those keen on winning power, the Republic of Gamers awaits. Driven by relentless innovation, ROG is committed to producing out-of-this-world experiences for gamers and enthusiasts everywhere. | LOG IN TO THE ROG ELITE REWARDS PROGRAM TO ENJOY EXCLUSIVE BENEFITS AND REWARDS"
A515-56-347N,https://www.bing.com/ck/a?!&&p=e5290a33f823535934ce19d6d0ed6b812c31d36330d16ed7f6f01b86025175fdJmltdHM9MTc3NTI2MDgwMA&ptn=3&ver=2&hsh=4&fclid=2bae4145-bdc7-6931-22cb-5674bceb6850&u=a1aHR0cHM6Ly93d3cudXNwcy5jb20vP21zb2NraWQ9MmJhZTQxNDViZGM3NjkzMTIyY2I1Njc0YmNlYjY4NTA&ntb=1,"Postage Prices | Search the Postal Store: Keyword or SKU | Postage Options | Verifying Postage | Our simplified ground shipping solution helps your business deliver in 2-5 days*, with no hidden fees and USPS Tracking® included in the cost. | Postcard Stamps: $0.61 | Postmarks: If you want to ensure that your mail receives a postmark on the day you mail it, ask a retail associate at a Post Office retail counter to hand-cancel it for free. Learn more | Sending postcards or flyers? Take out the hassle of mailing lists and addressing. Just select the mail routes you want to target and let USPS hand-deliver your mail to every door along the way. | Carousel Slides detailing Postal Store Promotions | Forever: $0.78 | Postcard: $0.61 | Postal Inspectors | Postal Explorer | National Postal Museum"
AN515-58-57Y8,https://www.bing.com/ck/a?!&&p=3e9e84b1f865c167039c7fb0f2866855dd587dbb9489387657a0bde0135e4502JmltdHM9MTc3NTI2MDgwMA&ptn=3&ver=2&hsh=4&fclid=2bae4145-bdc7-6931-22cb-5674bceb6850&u=a1aHR0cHM6Ly93d3cubmhsLmNvbS9yZWR3aW5ncy90aWNrZXRzLw&ntb=1,
Notebook,https://www.bing.com/ck/a?!&&p=58ac3efeda382249d0868d2ab8758c9abff0be3759a47d8375c690bbec0db047JmltdHM9MTc3NTI2MDgwMA&ptn=3&ver=2&hsh=4&fclid=2bae4145-bdc7-6931-22cb-5674bceb6850&u=a1aHR0cHM6Ly93d3cub25lbm90ZS5jb20vY2xhc3Nub3RlYm9vaw&ntb=1,"Class Notebook is now built directly into OneNote for Microsoft 365 on web, Windows, Mac, and iPad. No add-in required. | If you're using OneNote 2016, 2019, or 2021 and do not have Microsoft 365, you may still need to use the downloadable Class Notebook add-in. | OneNote Class Notebook on Microsoft Learn > | Students can use powerful drawing tools to highlight, annotate slides, sketch diagrams, and take handwritten notes. | Privacy & Cookies Legal Trademarks Consumer Health Privacy © 2026 Microsoft.com"
Ideapad 3,https://www.bing.com/ck/a?!&&p=708a8ad0e3a2e632480df0259a5251232eafd52ade28e595e84d8ba1c57f20f2JmltdHM9MTc3NTI2MDgwMA&ptn=3&ver=2&hsh=4&fclid=2bae4145-bdc7-6931-22cb-5674bceb6850&u=a1aHR0cHM6Ly93d3cubGVub3ZvLmNvbS91cy9lbi9jL2xhcHRvcHMvaWRlYXBhZC8_bXNvY2tpZD0yYmFlNDE0NWJkYzc2OTMxMjJjYjU2NzRiY2ViNjg1MA&ntb=1,"Looks like you're using Windows 10 | Windows 10 PCs no longer receive security updates or support as of Oct. 14, 2025. We can help you find the perfect Windows 11 PC. | Artificial Intelligence | Servers & Storage | Upgradeable SSD Storage & Memory | Upgrade your storage on your terms with Lenovo IdeaPad. The ready-to-expand SSD slot makes it easy to add space for files, apps, or games whenever you need. No service centers, no hassle — just DIY upgradable SSD storage and memory that grows with you and keeps up with your life. | Long Battery Life. Fast Charging. | Say goodbye to outlet hunting. Impressive battery life supports marathon study or play sessions on these laptops, ensuring uninterrupted moments. Need a quick boost? Rapid charge technology charges over the time it takes for a coffee break and provides hours of more power when you need it most. | Make your Positive Impact Felt | Accidental Damage Protection - Covers drops, spills, electrical surges, and broken screens with no extra fees. | Preventative PC Health Check - Annual PC health checks detect issues early, reducing downtime and boosting productivity. | Boosted PC performance - Tackles performance and security issues, ensuring protection from malware. | Long Battery Life (2) | All Intel Processors (9) | Intel® Core™ Ultra 7 (2) | Intel® Core™ Ultra 5 (5) | Intel® Core™ i3 (2) | All AMD Processors (10) | AMD Ryzen™ 7 (1) | AMD Ryzen™ 5 (3) | AMD Ryzen™ AI (6) | All Snapdragon Processors (2) | AI (Artificial Intelligence) | Screen Size | 512 GB (16) | FHD (1920 x 1080) (5) | 15.3"" with optional touchscreen laptop for on-the-go performance | Powered by Snapdragon® X2 Plus Series processor | IdeaPad Slim 5a (16″ AMD) Laptop | Powerful Ryzen AI 400 performance"
Nitro 17,https://www.bing.com/ck/a?!&&p=8be30518d9b618e2877d64a5718ec70df5acc3a2fbaa012239c1f051d2ed6d0aJmltdHM9MTc3NTI2MDgwMA&ptn=3&ver=2&hsh=4&fclid=2bae4145-bdc7-6931-22cb-5674bceb6850&u=a1aHR0cHM6Ly93d3cubml0cm9mb3J1bXouY29tL3RocmVhZHMvc3RhcnRpbmctcHJvYmxlbS1rZWVwLWNyYW5raW5nLWZvci1sb25nLXRpbWUuMzY1MjQv&ntb=1,"last post by | 12 posts · Joined 2011 | 29,175 posts · Joined 2007 | Mod links<click; RAM Air, CAI, Rack,FT Hood, JBA 2.5"" Lift, Lighted cup-holders, Bumper Grill, Mudders, EuroTails, Winch Plate | 11 posts · Joined 2024 | That is longer then normal. But it won't hurt anything except maybe the lifespan of the battery and/or the starter. | When you come back to the Nitro, put the key in and turn it to the ""Run"" position but do not start it! | In this position the fuel pump and other electrical components will run. Your instrument lights will also do a self check. | 82 posts · Joined 2017 | Scar0, this is my scenario too. Can you tell me the significance of turning the key to run position. What does that tell me is actually wrong? It was happening about once a month, now more frequent. I thank you for all you do here on the forum. My mechanics ""hate"" me when I learn! | 2 posts · Joined 2012 | P.S. If your not under warranty it will cost you around 800 bucks to have that replaced. Luckily i had just bought the car used about 3 weeks before that so that had no problem covering the expenses being that i didnt have my license plates on it yet. | 99 posts · Joined 2011 | 1 post · Joined 2016 | 6,387 posts · Joined 2013 | We have another member here who could not start their rig if it was parked on his steep driveway when the tank was low on fuel. It is possible his situation was the same, | 2 posts · Joined 2016 | NitromanDan, Stevenitrosublette and Nitrogen | 2 posts · Joined 2017 | 22 posts · Joined 2017 | 34 posts · Joined 2020 | 1 post · Joined 2017 | 3 posts · Joined 2017 | Keep us posted on how it goes. Hope this will do it for you, so you can enjoy your ride again. | 7 posts · Joined 2017 | 2,088 posts · Joined 2007 | 24 posts · Joined 2017 | 2 posts · Joined 2018 | Almost 120k on my Nitro that I have nicknamed Tank | Possible fuel pressure issues but that's just a stab in the dark guess sounds like it's taking x amount of time to build pressure but again just a guess"
hp laptop,https://www.bing.com/aclk?ld=e81um4tyZLxeCZwdzSYPPOeTVUCUwXEbkllJY7delfDdOxx58NTuLH-_1yS_PwY4cT95uC8Fgvsz1D5wNErw2AVC5qdnyjm9B2hHMgxp6K2c8hOFLh0S6wGyxKvY7RU3BBgoh-otGLZA1DRm4_t40U39EU4INXh_7nK4P5KxgYl1V5pm6ri6zSWM0g7Cz-qE13elzAN7L7g-3Z5eoJC-sP3PIXzj4&u=aHR0cHMlM2ElMmYlMmZ3d3cuaHAuY29tJTJmdXMtZW4lMmZzaG9wJTJmc2xwJTJmd2Vla2x5LWRlYWxzJTJmbGFwdG9wcyUyNnByb2Nlc3NvciUzZGludGVsJTNmanVtcGlkJTNkcHNfY29uX25iX25zJTI2dXRtX21lZGl1bSUzZHBzJTI2dXRtX3NvdXJjZSUzZGJhJTI2dXRtX2NhbXBhaWduJTNkVVNfQ1BTLWJ1X1NFTV9CcmFfbGFwdF9PdGhlcl9CaW5nX0lDX0VOR19DTTAxNjg3Nl9FTSUyNnV0bV90ZXJtJTNkbGlnaHQlMjUyMHdlaWdodCUyNTIwaHAlMjUyMG5vdGVib29rcyUyNm1hdGNodHlwZSUzZGUlMjZhZGlkJTNkODA5NTE2NDMxMDE2NDQlMjZhZGRpc3R0eXBlJTNkbyUyNmNxX3NyYyUzZGJpbmdfYWRzJTI2Y3FfY21wJTNkMjY0NTYyNTExJTI2Y3FfY29uJTNkNTQ5NDIxNzE1MiUyNmNxX3Rlcm0lM2RsaWdodCUyNTIwd2VpZ2h0JTI1MjBocCUyNTIwbm90ZWJvb2tzJTI2Y3FfbWVkJTNkJTI2Y3FfcGxhYyUzZCUyNmNxX25ldCUzZG8lMjZjcV9wb3MlM2QlMjZjcV9wbHQlM2RncCUyNmluZmluaXR5JTNkaWN0MiU3ZW5ldCU3ZW1hYyU3ZWFyJTdlODA5NTE2NDMxMDE2NDQlN2VrciU3ZTI1Njc5ODA4NDM3JTdla3clN2VsaWdodCUyNTIwd2VpZ2h0JTI1MjBocCUyNTIwbm90ZWJvb2tzJTdlbXQlN2VlJTdlY21wJTdlVVNfQ1BTLWJ1X1NFTV9CcmFfbGFwdF9PdGhlcl9CaW5nX0lDX0VOR19DTTAxNjg3Nl9FTSU3ZWFnJTdlSFAlMmJOb3RlYm9vayUyYkZlYXR1cmVzJTI2c19rd2NpZCUzZEFMITIwMTQ0ITEwITgwOTUxNjQzMTAxNjQ0ITI1Njc5ODA4NDM3JTI2Z2NsaWQlM2RjMTVkNWYxNmM4ZTgxNjE2NjQ0ZDM2YzdiNDliODRjOSUyNmdjbHNyYyUzZDNwLmRzJTI2ZHNfcmwlM2QxMjMxNzcxJTI2bXNjbGtpZCUzZGMxNWQ1ZjE2YzhlODE2MTY2NDRkMzZjN2I0OWI4NGM5&rlid=c15d5f16c8e81616644d36c7b49b84c9&ntb=1,"Intel® Core™ Processors. | That’s the power of Intel Inside® | Windows 11 HomeIntel® Core™ Ultra 5 225H (up to 4.9 GHz, 18 MB L3 cache, 14 cores, 14 threads) + NVIDIA® GeForce RTX™ 5050 Laptop GPU (8 GB)16 GB DDR5-5600 MHz RAM (2 x 8 GB)512 GB PCIe® NVMe™ M.2 SSD16"" diagonal, 2K (1920 x 1200), 60-144 Hz, IPS, micro-edge, anti-glare, 300 nits, 62.5% sRGB | HP OmniBook 7 Laptop Next Gen AI PC 17t-dc000, 17.3"" Touch Screen | With a 17.3"" touch screen display built for tough jobs, with responsive control and Intel® Core™ Ultra power | Windows 11 HomeIntel® Core™ Ultra 7 256V (up to 4.8 GHz, 12 MB L3 cache, 8 cores, 8 threads) + Intel® Arc™ 140V GPU (8GB) + 16 GB(onboard)512 GB PCIe® NVMe™ M.2 SSD17.3"" diagonal, FHD (1920 x 1080), multitouch-enabled, IPS, edge-to-edge glass, micro-edge, 400 nits | HP OmniBook 5 Laptop 16, Windows 11 Home, 16"", Intel® Core™ 5, 16GB RAM, 512GB SSD, 2K, Glacier silver | Powered by Intel® Core™ Processors and featuring quick charging with HP Fast Charge, experience seamless multitasking with less interruptions | Windows 11 HomeIntel® Core™ 5 processorIntel® Graphics16 GB memory; 512 GB SSD storage16"" diagonal 2K display | Access the AI assistant instantly with the Copilot key, enjoy a stunning 17.3"" screen, and stay productive with HP Fast Charge and ample storage | Windows 11 HomeIntel® Core™ Ultra 5 225U (up to 4.8 GHz, 12 MB L3 cache, 12 cores, 14 threads) + Intel® Graphics8 GB DDR5-5600 MHz RAM (1 x 8 GB)256 GB PCIe® NVMe™ M.2 SSD17.3"" diagonal, HD+ (1600 x 900), anti-glare, 250 nits | Everything looks bigger and better on a 16"" touch display, with vibrant colors and crisp images | Windows 11 HomeIntel® Core™ Ultra 5 226V (up to 4.5 GHz, 8 MB L3 cache, 8 cores, 8 threads) + Intel® Arc™ 130V GPU (8GB) + 16 GB(onboard)512 GB PCIe® NVMe™ M.2 SSD16"" diagonal, 2K (1920 x 1200), multitouch-enabled, IPS, edge-to-edge glass, micro-edge, 400 nits | Get Microsoft 365 apps* for your PC | Maximize your day with a fast, easy-to-use Windows 11 PC and Microsoft 365.* | *Microsoft 365 Personal or Family subscription required. | HP Amplify Partner Program"
FX506HF-ES51,https://www.bing.com/ck/a?!&&p=f9cd42b29c35caff86f13ccad7b72cb71ae5ed3f3918c0011158b9f1ba6e9e95JmltdHM9MTc3NTI2MDgwMA&ptn=3&ver=2&hsh=4&fclid=2bae4145-bdc7-6931-22cb-5674bceb6850&u=a1aHR0cHM6Ly93d3cubWluZWNyYWZ0Lm5ldC8&ntb=1,"by Street Studios | I will receive information, tips, and offers about Minecraft. Privacy Statement. | © 2026 Mojang AB. TM Microsoft Corporation. | Mojang Studios Careers | Tips for Beginners | © 2026 Microsoft"
Thin GF63 12VE-066US,https://www.bing.com/ck/a?!&&p=44f3c2488b4c033d66c24699f29e78796aa3811c9faf7e8f4e5c2a014ee2e6acJmltdHM9MTc3NTI2MDgwMA&ptn=3&ver=2&hsh=4&fclid=2bae4145-bdc7-6931-22cb-5674bceb6850&u=a1aHR0cHM6Ly93d3cubWVycmlhbS13ZWJzdGVyLmNvbS9kaWN0aW9uYXJ5L3RoaW4&ntb=1,"Synonym Chooser | : having little extent from one surface to its opposite | : measuring little in cross section or diameter | : to cause to lose flesh | Choose the Right Synonym for thin | These towels are ultra-thin, sand-free microfiber essentials that shake clean instantly, dry three times faster than cotton, and fold down lightweight and compact for the ultimate travel-ready getaway. | But the reality for this season is that the starting pitching is still too thin over the long haul, and the offense too punchless to improve by 20 games over their 119-loss 2025 season. | —Patrick Saunders, Denver Post, 28 Mar. 2026 | Three more players, all defensemen, got banged up in the Panthers’ 6-3 win against the Ottawa Senators on Tuesday at Amerant Bank Arena, thinning out an already thin roster that has eight games left on its schedule and is all but mathematically eliminated from making the Stanley Cup playoffs. | Absent more predictable trends, law enforcement will be spread thin, asked to protect an impossible array of locations across the country against an impossible diversity of threats. | Popular in Grammar & Usage | The Opposite of Déjà Vu | A daily crossword with a twist"
IdeaPad 3 81X800ENUS,https://www.bing.com/ck/a?!&&p=708a8ad0e3a2e632480df0259a5251232eafd52ade28e595e84d8ba1c57f20f2JmltdHM9MTc3NTI2MDgwMA&ptn=3&ver=2&hsh=4&fclid=2bae4145-bdc7-6931-22cb-5674bceb6850&u=a1aHR0cHM6Ly93d3cubGVub3ZvLmNvbS91cy9lbi9jL2xhcHRvcHMvaWRlYXBhZC8_bXNvY2tpZD0yYmFlNDE0NWJkYzc2OTMxMjJjYjU2NzRiY2ViNjg1MA&ntb=1,"Please note: This website includes an accessibility system. Press Control-F11 to adjust the website to people with visual disabilities who are using a screen reader; Press Control-F10 to open an accessibility menu. | who use screen readers | Artificial Intelligence | Servers & Storage | Upgradeable SSD Storage & Memory | Upgrade your storage on your terms with Lenovo IdeaPad. The ready-to-expand SSD slot makes it easy to add space for files, apps, or games whenever you need. No service centers, no hassle — just DIY upgradable SSD storage and memory that grows with you and keeps up with your life. | Long Battery Life. Fast Charging. | Say goodbye to outlet hunting. Impressive battery life supports marathon study or play sessions on these laptops, ensuring uninterrupted moments. Need a quick boost? Rapid charge technology charges over the time it takes for a coffee break and provides hours of more power when you need it most. | Make your Positive Impact Felt | Accidental Damage Protection - Covers drops, spills, electrical surges, and broken screens with no extra fees. | Preventative PC Health Check - Annual PC health checks detect issues early, reducing downtime and boosting productivity. | Boosted PC performance - Tackles performance and security issues, ensuring protection from malware. | Long Battery Life (2) | All Intel Processors (9) | Intel® Core™ Ultra 7 (2) | Intel® Core™ Ultra 5 (5) | Intel® Core™ i3 (2) | All AMD Processors (10) | AMD Ryzen™ 7 (1) | AMD Ryzen™ 5 (3) | AMD Ryzen™ AI (6) | All Snapdragon Processors (2) | AI (Artificial Intelligence) | Screen Size | 512 GB (16) | FHD (1920 x 1080) (5) | 15.3"" with optional touchscreen laptop for on-the-go performance | Powered by Snapdragon® X2 Plus Series processor | IdeaPad Slim 5a (16″ AMD) Laptop | Powerful Ryzen AI 400 performance"
IdeaPad Gaming 3,https://www.bing.com/ck/a?!&&p=708a8ad0e3a2e632480df0259a5251232eafd52ade28e595e84d8ba1c57f20f2JmltdHM9MTc3NTI2MDgwMA&ptn=3&ver=2&hsh=4&fclid=2bae4145-bdc7-6931-22cb-5674bceb6850&u=a1aHR0cHM6Ly93d3cubGVub3ZvLmNvbS91cy9lbi9jL2xhcHRvcHMvaWRlYXBhZC8_bXNvY2tpZD0yYmFlNDE0NWJkYzc2OTMxMjJjYjU2NzRiY2ViNjg1MA&ntb=1,"Please note: This website includes an accessibility system. Press Control-F11 to adjust the website to people with visual disabilities who are using a screen reader; Press Control-F10 to open an accessibility menu. | who use screen readers | Artificial Intelligence | Servers & Storage | Upgradeable SSD Storage & Memory | Upgrade your storage on your terms with Lenovo IdeaPad. The ready-to-expand SSD slot makes it easy to add space for files, apps, or games whenever you need. No service centers, no hassle — just DIY upgradable SSD storage and memory that grows with you and keeps up with your life. | Long Battery Life. Fast Charging. | Say goodbye to outlet hunting. Impressive battery life supports marathon study or play sessions on these laptops, ensuring uninterrupted moments. Need a quick boost? Rapid charge technology charges over the time it takes for a coffee break and provides hours of more power when you need it most. | Make your Positive Impact Felt | Accidental Damage Protection - Covers drops, spills, electrical surges, and broken screens with no extra fees. | Preventative PC Health Check - Annual PC health checks detect issues early, reducing downtime and boosting productivity. | Boosted PC performance - Tackles performance and security issues, ensuring protection from malware. | Long Battery Life (2) | All Intel Processors (9) | Intel® Core™ Ultra 7 (2) | Intel® Core™ Ultra 5 (5) | Intel® Core™ i3 (2) | All AMD Processors (10) | AMD Ryzen™ 7 (1) | AMD Ryzen™ 5 (3) | AMD Ryzen™ AI (6) | All Snapdragon Processors (2) | AI (Artificial Intelligence) | Screen Size | 512 GB (16) | FHD (1920 x 1080) (5) | 15.3"" with optional touchscreen laptop for on-the-go performance | Powered by Snapdragon® X2 Plus Series processor | IdeaPad Slim 5a (16″ AMD) Laptop | Powerful Ryzen AI 400 performance"
Chromebook 14a-na0226nr,https://www.bing.com/ck/a?!&&p=df826d3851580ac9d550f17b905d0e6d5b70f35843cbb97f9fff727bca79dc12JmltdHM9MTc3NTI2MDgwMA&ptn=3&ver=2&hsh=4&fclid=2bae4145-bdc7-6931-22cb-5674bceb6850&u=a1aHR0cHM6Ly9zdXBwb3J0Lmdvb2dsZS5jb20vY2hyb21lYm9vay9hbnN3ZXIvMzI2NTA5ND9obD1lbg&ntb=1,"What’s the difference between Chromebooks and other computers, like Windows or Mac OS? | Does Microsoft Office work on a Chromebook? | Music, videos, & photos | How do I store and organize photos? | How do I listen to music and watch videos? | What happens to my Google Drive files when my no-charge storage expires? | Post to the help community | Chromebook Plus OS update eligibility"
TPN-I139_320M3AV,https://www.bing.com/ck/a?!&&p=cc160fbdb9245aeaac5d29da015b025a9d401cd8696a4b6657ef2cda8175bf7eJmltdHM9MTc3NTI2MDgwMA&ptn=3&ver=2&hsh=4&fclid=2bae4145-bdc7-6931-22cb-5674bceb6850&u=a1aHR0cHM6Ly93d3cudmVyeXdlbGxoZWFsdGguY29tL3RvdGFsLXBhcmVudGVyYWwtbnV0cml0aW9uLXVzZXMtbWV0aG9kcy1zaWRlLWVmZmVjdHMtNTE4NDk3NA&ntb=1,"Dietitian-Approved Costco Snacks | Most people receive the energy and nutrients they need through their diets, but sometimes this is not possible for medical reasons. Parenteral nutrition gives a person the nutrients and calories they need through a vein instead of through eating. | Some hospitalized people need TPN if they are unable to eat for an extended period and enteral methods are not possible. | Very-low-birth-weight infants10 | People with long-term hospital stays with malnutrition | Blood sugar (glucose) levels | Your healthcare provider and likely a registered dietitian nutritionist (RD/RDN) will determine your nutritional needs based on your health history, your body weight, and your lab results. | An IV bag containing your nutrition solution is then attached to the catheter and infused over 10 to 12 hours. Parenteral nutrition can be administered in a hospital, long-term care facility, or at home. | Pulmonary embolism, pulmonary infection, or post-thrombotic syndrome12 | Osteopenia or osteoporosis | Cirrhosis (liver scarring) or liver failure14 | How long you need to have TPN depends on your underlying medical condition. Some hospitalized people need TPN for just a few weeks.3 | Getting TPN at home instead of in the hospital usually improves a person's quality of life.16 However, people on TPN often experience diminished quality of life and may develop depression. | Dietitians Explain the 4-Ingredient Food Pairing That May Boost Antioxidant Absorption | Daily Health Tips to Your Inbox | Verywell Health's content is for informational and educational purposes only. Our website is not intended to be a substitute for professional medical advice, diagnosis, or treatment."
i5 12th Gen 15-dy5399nr,https://www.bing.com/ck/a?!&&p=37104a7fbd3c10351569c79dcf8388d6fc9e036908b1ff20e6181a1c73e9e189JmltdHM9MTc3NTI2MDgwMA&ptn=3&ver=2&hsh=4&fclid=2bae4145-bdc7-6931-22cb-5674bceb6850&u=a1aHR0cHM6Ly93d3cuaW50ZWwuY29tL2NvbnRlbnQvd3d3L3VzL2VuL3Byb2R1Y3RzL292ZXJ2aWV3Lmh0bWw&ntb=1,"Intel® Products | Browse Intel product information for Intel® Core™ processors, Intel® Xeon® processors, Intel® Arc™ graphics and more. | Intel® Core™ Ultra Processors | Intel® Core™ Processors | Intel® Xeon® Processors | Intel® Xeon® CPU Max Series | Intel Atom® Processors | AI PCs Powered by Intel | Intel vPro® for Business | Intel® Arc™ Graphics | Intel® Wi-Fi Products | Intel® Gaudi® AI Accelerators | Intel® Data Center GPU Flex Series | Edge and Embedded Processors | Intel® Ethernet Products | Intel® Infrastructure Processing Unit (Intel® IPU) | Intel® Trust Authority | Intel® Developer Catalog | Intel® Intelligent Fabric Processors | Company Overview Contact Intel Newsroom Investors Careers Corporate Responsibility Inclusion Public Policy | © Intel Corporation Terms of Use *Trademarks Cookies Privacy Supply Chain Transparency Site Map Recycling Your Privacy Choices"
Stealth GS66 12UGS-025,https://www.bing.com/ck/a?!&&p=2b31b8757f7be804c733c1ef4b99ef6cf40fb3485fc29dc3d738b9830b018585JmltdHM9MTc3NTI2MDgwMA&ptn=3&ver=2&hsh=4&fclid=2bae4145-bdc7-6931-22cb-5674bceb6850&u=a1aHR0cHM6Ly9maWNvZm9ydW1zLm15Zmljby5jb20vdDUvU21vcmdhc0JvYXJkL0FueW9uZS1oZWFyZC1vZi1TdGVhbHRoLUludmVzdGlnYXRpb25zL3RkLXAvNTMxMzIyNg&ntb=1,Affiliate Program | Download iOS app on the App Store
Inspiron,https://www.bing.com/ck/a?!&&p=dcada2450040d74cd945e5adc528d23e39ce770260624697d5a2eec0c14dcde1JmltdHM9MTc3NTI2MDgwMA&ptn=3&ver=2&hsh=4&fclid=2bae4145-bdc7-6931-22cb-5674bceb6850&u=a1aHR0cDovL3d3dy5qbGFmb3J1bXMuY29tL3ZpZXd0b3BpYy5waHA_dD0xOTc5NzAwMg&ntb=1,"If this message continues to appear, review the possible reasons below. If none apply, you can complete the challenge question to proceed. | Please type the name of the ARTIST whose album ""Thriller"" is the biggest-selling album of all time. | Possible Reasons | The steps to find the current Android OS version vary by device. Below are general instructions that work for most Android devices. For detailed instructions about a specific device, please check the User Guide that came with your device. | Apple iOS (iPhone/iPad/iPod Touch) | Update the iOS software on your iPhone, iPad and iPod Touch - Apple Support | Apple Macintosh | Which Windows operating system am I running? - Microsoft | Using a posting agent | Using any type of AI (Artificial Intelligence) to interact with our site | Facebook | Pinterest | Reddit | Telegram | Twitter | YouTube | Recent Posts | Site Support"
IdeaPad,https://www.bing.com/ck/a?!&&p=708a8ad0e3a2e632480df0259a5251232eafd52ade28e595e84d8ba1c57f20f2JmltdHM9MTc3NTI2MDgwMA&ptn=3&ver=2&hsh=4&fclid=2bae4145-bdc7-6931-22cb-5674bceb6850&u=a1aHR0cHM6Ly93d3cubGVub3ZvLmNvbS91cy9lbi9jL2xhcHRvcHMvaWRlYXBhZC8_bXNvY2tpZD0yYmFlNDE0NWJkYzc2OTMxMjJjYjU2NzRiY2ViNjg1MA&ntb=1,"Please note: This website includes an accessibility system. Press Control-F11 to adjust the website to people with visual disabilities who are using a screen reader; Press Control-F10 to open an accessibility menu. | who use screen readers | Artificial Intelligence | Servers & Storage | Upgradeable SSD Storage & Memory | Upgrade your storage on your terms with Lenovo IdeaPad. The ready-to-expand SSD slot makes it easy to add space for files, apps, or games whenever you need. No service centers, no hassle — just DIY upgradable SSD storage and memory that grows with you and keeps up with your life. | Long Battery Life. Fast Charging. | Say goodbye to outlet hunting. Impressive battery life supports marathon study or play sessions on these laptops, ensuring uninterrupted moments. Need a quick boost? Rapid charge technology charges over the time it takes for a coffee break and provides hours of more power when you need it most. | Make your Positive Impact Felt | Accidental Damage Protection - Covers drops, spills, electrical surges, and broken screens with no extra fees. | Preventative PC Health Check - Annual PC health checks detect issues early, reducing downtime and boosting productivity. | Boosted PC performance - Tackles performance and security issues, ensuring protection from malware. | Long Battery Life (2) | All Intel Processors (9) | Intel® Core™ Ultra 7 (2) | Intel® Core™ Ultra 5 (5) | Intel® Core™ i3 (2) | All AMD Processors (10) | AMD Ryzen™ 7 (1) | AMD Ryzen™ 5 (3) | AMD Ryzen™ AI (6) | All Snapdragon Processors (2) | AI (Artificial Intelligence) | Screen Size | 512 GB (16) | FHD (1920 x 1080) (5) | 15.3"" with optional touchscreen laptop for on-the-go performance | Powered by Snapdragon® X2 Plus Series processor | IdeaPad Slim 5a (16″ AMD) Laptop | Powerful Ryzen AI 400 performance"
HP Chromebook,https://www.bing.com/ck/a?!&&p=f5a4f7742c7d9b4fad28c6a6771ec0ebe953964492cf7acfe4b4ff04c6112b7eJmltdHM9MTc3NTI2MDgwMA&ptn=3&ver=2&hsh=4&fclid=2bae4145-bdc7-6931-22cb-5674bceb6850&u=a1aHR0cHM6Ly93d3cuaHAuY29tL3VzLWVuL2hvbWUuaHRtbD9tc29ja2lkPTJiYWU0MTQ1YmRjNzY5MzEyMmNiNTY3NGJjZWI2ODUw&ntb=1,"Copilot+ PCs are the fastest, most intelligent Windows PCs ever | Prevent digital disruptions and cut costs across any OEM, OS, and app using AI trained on device manufacturer expertise and 48M endpoints. | Kinepolis optimizes IT device management and POS terminals to improve cinema operations. | At Imagine 2026, we announced new AI-powered devices, security innovations, and intelligent workflow solutions designed to help businesses and individuals thrive in an AI-driven future of work. | The fifth year of the program will support five organizations that are expanding access to technology, skills, and economic opportunities for future workers across the U.S. | HP Announces High-Performance PCs for the Most Demanding Local Compute and AI Workloads | HP Amplify Partner Program"
Ideapad 3i,https://www.bing.com/ck/a?!&&p=708a8ad0e3a2e632480df0259a5251232eafd52ade28e595e84d8ba1c57f20f2JmltdHM9MTc3NTI2MDgwMA&ptn=3&ver=2&hsh=4&fclid=2bae4145-bdc7-6931-22cb-5674bceb6850&u=a1aHR0cHM6Ly93d3cubGVub3ZvLmNvbS91cy9lbi9jL2xhcHRvcHMvaWRlYXBhZC8_bXNvY2tpZD0yYmFlNDE0NWJkYzc2OTMxMjJjYjU2NzRiY2ViNjg1MA&ntb=1,"Please note: This website includes an accessibility system. Press Control-F11 to adjust the website to people with visual disabilities who are using a screen reader; Press Control-F10 to open an accessibility menu. | who use screen readers | Artificial Intelligence | Servers & Storage | Upgradeable SSD Storage & Memory | Upgrade your storage on your terms with Lenovo IdeaPad. The ready-to-expand SSD slot makes it easy to add space for files, apps, or games whenever you need. No service centers, no hassle — just DIY upgradable SSD storage and memory that grows with you and keeps up with your life. | Long Battery Life. Fast Charging. | Say goodbye to outlet hunting. Impressive battery life supports marathon study or play sessions on these laptops, ensuring uninterrupted moments. Need a quick boost? Rapid charge technology charges over the time it takes for a coffee break and provides hours of more power when you need it most. | Make your Positive Impact Felt | Accidental Damage Protection - Covers drops, spills, electrical surges, and broken screens with no extra fees. | Preventative PC Health Check - Annual PC health checks detect issues early, reducing downtime and boosting productivity. | Boosted PC performance - Tackles performance and security issues, ensuring protection from malware. | Long Battery Life (2) | All Intel Processors (9) | Intel® Core™ Ultra 7 (2) | Intel® Core™ Ultra 5 (5) | Intel® Core™ i3 (2) | All AMD Processors (10) | AMD Ryzen™ 7 (1) | AMD Ryzen™ 5 (3) | AMD Ryzen™ AI (6) | All Snapdragon Processors (2) | AI (Artificial Intelligence) | Screen Size | 512 GB (16) | FHD (1920 x 1080) (5) | 15.3"" with optional touchscreen laptop for on-the-go performance | Powered by Snapdragon® X2 Plus Series processor | IdeaPad Slim 5a (16″ AMD) Laptop | Powerful Ryzen AI 400 performance"
CP314-1H-P1Q5,https://www.bing.com/ck/a?!&&p=42a6371bf58564a1b3fb05767c0d84cff585757465cbc3e2d534f1ab628d447aJmltdHM9MTc3NTI2MDgwMA&ptn=3&ver=2&hsh=4&fclid=2bae4145-bdc7-6931-22cb-5674bceb6850&u=a1aHR0cHM6Ly93d3cuZmx5ZXJ0YWxrLmNvbS9mb3J1bS9zb3V0aHdlc3QtYWlybGluZXMtcmFwaWQtcmV3YXJkcy8yMjA3MDM3LW5ldy1zbWFsbGVyLWNhcnJ5LWJhZy1yZXF1aXJlbWVudC0yMDI2LWEuaHRtbA&ntb=1,"FlyerTalk Forums > Miles&Points > Airlines and Mileage Programs > Southwest Airlines | Rapid Rewards | Register	Community 	Wiki Posts 	Today's Posts	Search 	Vendor Directory | ORIGINAL POSTER | Posts: 2,206 | Southwest policy is 24” X 16” X 10” which has never been strictly enforced but can be enforced. The policy is more generous than many European airlines. I have had my bags checked for weight but not size within Europe. | Programs: WN A-list preferred, United Club Lietime (sic) Member | Posts: 22,790 | This is news to me. Let's hope Southwest is not copying Frontier on carry-on size. Or copying Frontier's sneaky 40-pound baggage weight limit. But private equity's gonna private equity. | If an airline chooses the sneak-fee route, the rules need to change continually in order to keep catching customers off guard. RyanAir is expert at this. | Originally Posted by BMWBig6 | NoStressHere | Location: Nashville -Past DL Plat, FO, WN-CP, various hotel programs | Programs: DL-MM, AA, SW w/companion,HiltonDiamond, Hyatt PLat, IHF Plat, Miles and Points Seeker | Posts: 11,402 | Just checked all three bags we have. Well within those guidelines | Originally Posted by TGarza | Correct. No change to the size limit, only (possibly) to its enforcement. | A FlyerTalk Posting Legend | Programs: UA 1K 1MM (finally!), IHG AMB-Spire, HH Diamond | Posts: 62,454 | Programs: AA, WN, UA, Bonvoy, Hertz | Posts: 2,703 | Programs: Southwest, Best Western Gold, La Quinta, Dollar | Originally Posted by NoStressHere | Programs: Hilton Gold, IHG Platinum, Marriott Silver | Originally Posted by uastarflyer | changing statement close date | Home - News - Forum - Glossary - Contact Us - Terms of Service - Advertising - Cookie Policy - Privacy Statement - Archive - Sitemap - Top - Your Privacy Choices"
Katana 15 B13VGK-484US,https://www.bing.com/ck/a?!&&p=82105546f7d7dd2536c10f88b131a3f160346439fc5e1571dfdad793f380c664JmltdHM9MTc3NTI2MDgwMA&ptn=3&ver=2&hsh=4&fclid=2bae4145-bdc7-6931-22cb-5674bceb6850&u=a1aHR0cHM6Ly9iYi5zdGVlbGd1aXRhcmZvcnVtLmNvbS92aWV3dG9waWMucGhwP3Q9Mzc0NTUz&ntb=1,"Membership allows you to see the classifieds as well as search and post to the forum. | Boss Katana 100 Computer Issues on install. #$##^%$%%! | 12 posts • Page 1 of 1 | Re: Boss Katana 100 Computer Issues on install. #$##^%$%%! | Posts: 1476 | https://www.boss.info/global/support/by ... s_drivers/ | Might as well start by installing the Windows 10 driver: | KATANA DRIVER VER.1.0.0 FOR WINDOWS 10 | ""Your computer automatically downloads the Windows(R) 10 driver from the Internet when a product requiring the driver is connected to the computer."" | KATANA SYSTEM PROGRAM (VER.4.00): | BOSS TONE STUDIO FOR KATANA VER.4.0.0 FOR WINDOWS: | Posts: 4308 | Boss Katana 100 Amp | Positive Grid Spark amp | Posts: 4826 | Whatever you have to do to figure it out, do it. The Katana 100 is easily the most versatile guitar amp ever. I can finally plug my acoustic, electric, and pedal steel guitars into one amp and get very good quality sounds for each at the tap of a footswitch. | Posts: 3547 | Steven, Exactly my thoughts as well. If weight is a problem, i have a 4 pound Victory V4 The Duchess tube amp with 4 preamp tubes, and 180 watts of class D output with....."
IdeaPad 3,https://www.bing.com/ck/a?!&&p=708a8ad0e3a2e632480df0259a5251232eafd52ade28e595e84d8ba1c57f20f2JmltdHM9MTc3NTI2MDgwMA&ptn=3&ver=2&hsh=4&fclid=2bae4145-bdc7-6931-22cb-5674bceb6850&u=a1aHR0cHM6Ly93d3cubGVub3ZvLmNvbS91cy9lbi9jL2xhcHRvcHMvaWRlYXBhZC8_bXNvY2tpZD0yYmFlNDE0NWJkYzc2OTMxMjJjYjU2NzRiY2ViNjg1MA&ntb=1,"Please note: This website includes an accessibility system. Press Control-F11 to adjust the website to people with visual disabilities who are using a screen reader; Press Control-F10 to open an accessibility menu. | who use screen readers | Artificial Intelligence | Servers & Storage | Upgradeable SSD Storage & Memory | Upgrade your storage on your terms with Lenovo IdeaPad. The ready-to-expand SSD slot makes it easy to add space for files, apps, or games whenever you need. No service centers, no hassle — just DIY upgradable SSD storage and memory that grows with you and keeps up with your life. | Long Battery Life. Fast Charging. | Say goodbye to outlet hunting. Impressive battery life supports marathon study or play sessions on these laptops, ensuring uninterrupted moments. Need a quick boost? Rapid charge technology charges over the time it takes for a coffee break and provides hours of more power when you need it most. | Make your Positive Impact Felt | Accidental Damage Protection - Covers drops, spills, electrical surges, and broken screens with no extra fees. | Preventative PC Health Check - Annual PC health checks detect issues early, reducing downtime and boosting productivity. | Boosted PC performance - Tackles performance and security issues, ensuring protection from malware. | Long Battery Life (2) | All Intel Processors (9) | Intel® Core™ Ultra 7 (2) | Intel® Core™ Ultra 5 (5) | Intel® Core™ i3 (2) | All AMD Processors (10) | AMD Ryzen™ 7 (1) | AMD Ryzen™ 5 (3) | AMD Ryzen™ AI (6) | All Snapdragon Processors (2) | AI (Artificial Intelligence) | Screen Size | 512 GB (16) | FHD (1920 x 1080) (5) | 15.3"" with optional touchscreen laptop for on-the-go performance | Powered by Snapdragon® X2 Plus Series processor | IdeaPad Slim 5a (16″ AMD) Laptop | Powerful Ryzen AI 400 performance"
ASUS Vivobook Go 15,https://www.bing.com/ck/a?!&&p=f551695747314894b076cbaface11bc8a4d46a748490af088ca87da0289f8aeeJmltdHM9MTc3NTI2MDgwMA&ptn=3&ver=2&hsh=4&fclid=2bae4145-bdc7-6931-22cb-5674bceb6850&u=a1aHR0cHM6Ly93d3cuYXN1cy5jb20vdXMv&ntb=1,"Displays / Desktops | 20 years in the Republic of Gamers, part one: early triumphs with motherboards, laptops, graphics cards, and more | Death Stranding 2 is a meditative masterpiece for those who dare to deliver | Adjust RGB lighting, tweak sensitivity, remap buttons, and more — all without ever installing a single piece of software. | The best earphones are the ones you’ll actually use — which means comfort, portability, and convenience features are paramount. | Graphics Cards | Data Storage | ASUS Support Videos"
HP Laptop 15-ef2024nr,https://www.bing.com/ck/a?!&&p=f5a4f7742c7d9b4fad28c6a6771ec0ebe953964492cf7acfe4b4ff04c6112b7eJmltdHM9MTc3NTI2MDgwMA&ptn=3&ver=2&hsh=4&fclid=2bae4145-bdc7-6931-22cb-5674bceb6850&u=a1aHR0cHM6Ly93d3cuaHAuY29tL3VzLWVuL2hvbWUuaHRtbD9tc29ja2lkPTJiYWU0MTQ1YmRjNzY5MzEyMmNiNTY3NGJjZWI2ODUw&ntb=1,"Copilot+ PCs are the fastest, most intelligent Windows PCs ever | Prevent digital disruptions and cut costs across any OEM, OS, and app using AI trained on device manufacturer expertise and 48M endpoints. | Kinepolis optimizes IT device management and POS terminals to improve cinema operations. | At Imagine 2026, we announced new AI-powered devices, security innovations, and intelligent workflow solutions designed to help businesses and individuals thrive in an AI-driven future of work. | The fifth year of the program will support five organizations that are expanding access to technology, skills, and economic opportunities for future workers across the U.S. | HP Announces High-Performance PCs for the Most Demanding Local Compute and AI Workloads | HP Amplify Partner Program"
UX5304VA-XS76T,https://www.bing.com/ck/a?!&&p=5494412bccd096c809c51b5d10aad31876e7e77e9b386eba517cac3f81f4f984JmltdHM9MTc3NTI2MDgwMA&ptn=3&ver=2&hsh=4&fclid=2bae4145-bdc7-6931-22cb-5674bceb6850&u=a1aHR0cHM6Ly9nZXQuYWRvYmUuY29tL3JlYWRlci8&ntb=1,"The world’s most trusted free PDF viewer | Windows 10 - 11 • English • Version 25.001.21288   System requirements | Adobe Express Photos | Install Adobe Express Photos | The free Adobe app to view images, take screenshots, and easily make quick image edits. | Install the free utility to check the status of my PC security. It will not modify existing antivirus program or PC settings. | Use Adobe Express Photos to take screenshots and share with others. View and edit images faster with easy-to-use AI tools."
ROG Strix G15,https://www.bing.com/ck/a?!&&p=e2983dcd4c97ea89707915b3537b1e91b528243934a92a1acde01a707be0b23eJmltdHM9MTc3NTI2MDgwMA&ptn=3&ver=2&hsh=4&fclid=2bae4145-bdc7-6931-22cb-5674bceb6850&u=a1aHR0cHM6Ly9yb2cuYXN1cy5jb20v&ntb=1,"Log in to the ROG Elite Rewards program now! | Graphics Cards | Adjust RGB lighting, tweak sensitivity, remap buttons, and more — all without ever installing a single piece of software. | Death Stranding 2 is a meditative masterpiece for those who dare to deliver | ROG powers the pros as the official PC sponsor of the LCK Finals Hong Kong | Technology never sleeps, nor should the action. For those keen on winning power, the Republic of Gamers awaits. Driven by relentless innovation, ROG is committed to producing out-of-this-world experiences for gamers and enthusiasts everywhere."
"2023 Newest Acer 15.6"" Chromebook",https://www.bing.com/ck/a?!&&p=fdebc2e3f3bcc0daf7578c2418144395994012caeab4d84a3005e3412e90a351JmltdHM9MTc3NTI2MDgwMA&ptn=3&ver=2&hsh=4&fclid=2bae4145-bdc7-6931-22cb-5674bceb6850&u=a1aHR0cHM6Ly93d3cuZm9yZXhmYWN0b3J5LmNvbS9hdHRhY2htZW50L2ZpbGUvNDU5NzQ4Nj9kPTE3MDA3NTUzMDY&ntb=1,
Chromebook C425 Clamshell,https://www.bing.com/ck/a?!&&p=df826d3851580ac9d550f17b905d0e6d5b70f35843cbb97f9fff727bca79dc12JmltdHM9MTc3NTI2MDgwMA&ptn=3&ver=2&hsh=4&fclid=2bae4145-bdc7-6931-22cb-5674bceb6850&u=a1aHR0cHM6Ly9zdXBwb3J0Lmdvb2dsZS5jb20vY2hyb21lYm9vay9hbnN3ZXIvMzI2NTA5ND9obD1lbg&ntb=1,"What’s the difference between Chromebooks and other computers, like Windows or Mac OS? | Does Microsoft Office work on a Chromebook? | Music, videos, & photos | How do I store and organize photos? | How do I listen to music and watch videos? | What happens to my Google Drive files when my no-charge storage expires? | Post to the help community | Chromebook Plus OS update eligibility"
